Date,NVDA,JNJ,JPM,XOM,PG,AMZN,NEE,CAT,GOOGL,GLD
1/3/2023,14.32,178.19,135.12,106.51,151.57,85.82,83.83,238.88,89.12,171.06
1/4/2023,14.75,180.13,136.38,106.82,152.23,85.14,84.49,241.36,88.08,172.67
1/5/2023,14.27,178.8,135.35,109.21,150.34,83.12,82.63,240.28,86.2,170.52
1/6/2023,14.86,180.25,137.94,110.53,153.92,86.08,83.65,248.86,87.34,173.71
1/9/2023,15.63,175.58,137.37,108.47,152.04,87.36,84.07,246.62,88.02,174.1
1/10/2023,15.91,175.16,138.6,110.09,151.89,89.87,84.54,250.51,88.42,174.74
1/11/2023,16,174.88,139.63,111.37,150.66,95.09,85,250.73,91.52,174.62
1/12/2023,16.51,174,139.49,113.22,149.81,95.27,85.07,255.07,91.13,176.64
1/13/2023,16.9,173.43,143.01,113.15,150.88,98.12,84.68,258.46,92.12,178.76
1/17/2023,17.7,172.36,140.8,112.93,150.44,96.05,85.74,256.26,91.29,177.59
1/18/2023,17.38,169.76,136.57,110.61,146.41,95.46,83.8,252.82,91.12,177.08
1/19/2023,16.77,169.53,134.75,111.32,142.42,93.68,82.59,245.75,93.05,179.89
1/20/2023,17.84,168.74,135.08,113.35,142.97,97.25,81.82,249.71,98.02,179.29
1/23/2023,19.19,168.31,137.27,112.76,141.05,97.52,82.67,252.7,99.79,179.63
1/24/2023,19.27,168.31,138.45,113.81,141.82,96.32,83.9,257.61,97.7,180.28
1/25/2023,19.32,169.51,139.12,113.21,141.72,97.18,76.59,258.44,95.22,181.11
1/26/2023,19.8,168.89,139.98,117.76,141.15,99.22,76.4,262.12,97.52,179.47
1/27/2023,20.36,168.23,140.32,115.61,140.57,102.24,75.58,264.54,99.37,179.22
1/30/2023,19.16,162,139.13,113.56,141.01,100.55,75.05,261.5,96.94,178.76
1/31/2023,19.54,163.42,139.96,116.01,142.38,103.13,74.63,252.29,98.84,179.41
2/1/2023,20.94,164.92,139.59,114.74,143.19,105.15,74.24,249.54,100.43,181.67
2/2/2023,21.71,165.54,138.94,111.15,142.17,112.91,75.6,244.9,107.74,177.9
2/3/2023,21.1,164.61,141.09,111.92,142.61,103.39,74.67,247.76,104.78,173.46
2/6/2023,21.09,163.36,141.92,111.73,141.4,102.18,75.51,251.42,102.9,173.82
2/7/2023,22.17,163.4,143.65,114.92,140.02,102.11,76.08,249.66,107.64,173.98
2/8/2023,22.21,163.61,142.64,113.92,138.57,100.05,75.03,248.87,99.37,174.41
2/9/2023,22.34,161.4,140.42,114.35,137.05,98.24,73.27,246.28,95.01,173.03
2/10/2023,21.27,162.15,141.04,119.17,138.26,97.61,74.74,247.67,94.57,173.36
2/13/2023,21.79,162.75,142.57,117.8,140.07,99.54,75.62,248.15,94.61,172.48
2/14/2023,22.97,162.04,143.2,116.42,139.28,99.7,76.03,244.36,94.68,172.61
2/15/2023,22.76,159.37,143.8,116.07,138.96,101.16,76.94,248.7,96.94,170.89
2/16/2023,22,158.24,141.82,115.73,137.14,98.15,75.69,246.52,95.51,170.75
2/17/2023,21.39,160.39,142.24,111.28,140.01,97.2,76.07,247.79,94.35,171.26
2/21/2023,20.66,158,139.63,111.17,139.91,94.58,73.66,240.71,91.79,170.62
2/22/2023,20.75,157.78,138.56,109.73,140.5,95.79,73.68,237.89,91.65,169.66
2/23/2023,23.66,157.73,139.67,110.74,140.05,95.82,72.87,237.95,90.89,169.57
2/24/2023,23.29,155.97,140.93,110.75,139.26,93.5,72.92,236.17,89.13,168.35
2/27/2023,23.5,155.63,142.16,110.55,139.14,93.76,71.86,239.98,89.87,169.01
2/28/2023,23.22,153.26,143.35,109.91,137.56,94.23,71.03,239.55,90.06,169.78
3/1/2023,22.7,152.57,142.55,110.89,137.66,92.17,69.87,248.67,90.36,170.76
3/2/2023,23.31,152.45,141.07,111.4,139.93,92.13,72.21,252.18,92,170.66
3/3/2023,23.89,154.02,143.66,112.81,140.95,94.9,73.83,255.31,93.65,172.49
3/6/2023,23.55,155.56,142.82,113.81,140.35,93.75,74.4,253.98,95.13,171.62
3/7/2023,23.29,154.09,138.62,111.61,137.56,93.55,73.75,246.14,93.86,168.62
3/8/2023,24.18,152.96,137.8,109.98,137.58,93.92,74.25,248.72,94.25,168.54
3/9/2023,23.44,151.24,130.34,109.13,136.57,92.25,73.76,240.96,92.32,170.2
3/10/2023,22.97,151.61,133.65,107.78,137.19,90.73,73.01,227.01,90.63,173.87
3/13/2023,22.97,153.06,131.25,106.54,138.14,92.43,73.29,224.7,91.11,177.86
3/14/2023,24.06,153.92,134.62,106.94,139.85,94.88,74.55,225.67,93.97,176.83
3/15/2023,24.23,154.35,128.26,101.62,141.83,96.2,75.52,217.26,96.11,178.21
3/16/2023,25.54,154.03,130.75,101.03,142.89,100.04,76.23,218.71,100.32,178.57
3/17/2023,25.73,152.38,125.81,99.84,142.93,98.95,75.67,215.01,101.62,183.77
3/20/2023,25.9,153.89,127.14,102.45,145.13,97.71,75.97,220.31,101.22,183.84
3/21/2023,26.2,153.89,130.55,107.04,144.08,100.61,75.36,224.92,104.92,180.37
3/22/2023,26.47,151.05,127.18,104.59,143.99,98.7,74.13,219.95,103.37,183.44
3/23/2023,27.19,151.13,126.84,103.41,143.79,98.71,73.81,219.44,105.6,185.74
3/24/2023,26.78,152.65,124.91,103.53,146.72,98.13,75.69,217.01,105.44,183.65
3/27/2023,26.53,153.3,128.49,105.8,145.95,98.04,75.44,218,102.46,181.95
3/28/2023,26.41,151.82,128.88,107.12,146.36,97.24,75.24,220.16,101.03,183.44
3/29/2023,26.98,153.31,129.14,108.96,146.81,100.25,76.11,223,101.39,182.53
3/30/2023,27.38,153.43,128.75,109.49,147.45,102,76.59,224.54,100.89,184.18
3/31/2023,27.78,155,130.31,109.66,148.69,103.29,77.08,228.84,103.73,183.22
4/3/2023,27.97,156.85,130.16,116.13,149.51,102.41,76.67,229.87,104.36,184.54
4/4/2023,27.45,158.49,128.42,115.02,150.23,103.95,77.16,217.45,104.72,187.98
4/5/2023,26.88,165.61,127.61,116.99,151.26,101.1,78.33,213.53,104.47,187.83
4/6/2023,27.04,165.15,127.47,115.05,152.22,102.06,78.97,209.17,108.42,186.49
4/10/2023,27.58,164.32,127.89,114.54,150.96,102.17,78.43,215.53,106.44,185.11
4/11/2023,27.17,164.27,128.52,115.35,150.66,99.92,78.34,220.6,105.35,186.28
4/12/2023,26.5,163.92,128.5,115.23,151.07,97.83,78.59,220.5,104.64,187.19
4/13/2023,26.46,166.11,128.99,115.77,151.77,102.4,78.85,221.67,107.43,189.72
4/14/2023,26.76,165.84,138.73,116.05,151,102.51,78.02,223.68,108.87,186.36
4/17/2023,27,165.67,139.83,114.7,151.05,102.74,78.54,225.24,105.97,185.53
4/18/2023,27.67,161.01,141.4,116.94,151.21,102.3,78.3,225.2,104.5,186.25
4/19/2023,27.93,162.53,141.22,116.57,151.24,104.3,78.94,224.65,104.18,185.36
4/20/2023,27.1,163.58,140.81,115.64,150.85,103.81,78.75,222.27,105.29,186.09
4/21/2023,27.12,162.69,140.54,116.01,156.07,106.96,78.99,220.27,105.41,184.25
4/24/2023,27.04,163.68,140.73,118.2,156.35,106.21,79.04,223.43,105.97,184.81
4/25/2023,26.24,165.18,137.67,116.52,156.39,102.57,77.82,218.63,103.85,185.75
4/26/2023,26.96,162.62,135.23,115.45,154.58,104.98,74.07,216.19,103.71,184.74
4/27/2023,27.23,163,137.05,116.83,156.47,109.82,75.85,214.33,107.59,184.75
4/28/2023,27.75,163.7,138.24,118.34,156.38,105.45,76.63,218.8,107.34,184.8
5/1/2023,28.91,163.6,141.2,114.67,156.57,102.05,76.8,217.27,107.2,183.97
5/2/2023,28.21,165.03,138.92,110.1,156.43,103.63,75.94,215.15,105.32,187.52
5/3/2023,27.8,162.87,135.98,107.93,156.23,103.65,75.39,215.64,105.41,189.11
5/4/2023,27.56,162.13,134.12,106.04,155.51,104,75.51,210.38,104.69,190.44
5/5/2023,28.68,162.68,136.74,108.68,156.03,105.66,75.51,215.09,105.57,187.46
5/8/2023,29.15,162.31,137.07,109.11,155.3,105.83,76.06,214.79,107.77,187.69
5/9/2023,28.57,161.05,136.41,109.14,153.71,106.62,75.58,213.49,107.35,189.02
5/10/2023,28.89,161.65,136.48,107.74,154.03,110.19,76.89,213.17,111.75,188.75
5/11/2023,28.58,160.99,136.05,105.79,154.39,112.18,76.1,210.03,116.57,187.13
5/12/2023,28.34,160.78,134.1,105.78,155.96,110.26,77.96,209.54,117.51,186.81
5/15/2023,28.95,159.55,135.23,105.07,156.01,111.2,77.54,211.29,116.51,187.21
5/16/2023,29.21,159.34,134.32,102.52,155.74,113.4,75.84,207.2,119.51,184.87
5/17/2023,30.18,158.99,138.45,104.82,155.08,115.5,75.34,212.1,120.84,184.23
5/18/2023,31.68,158.48,139.5,105.77,152.53,118.15,75.1,214.72,122.83,181.84
5/19/2023,31.26,158.91,139.18,106.26,153.17,116.25,74.48,214.78,122.76,183.64
5/22/2023,31.18,156.87,138.03,104.97,149.16,115.01,74.58,214.26,125.05,183.21
5/23/2023,30.69,156.81,136.59,106.4,147.55,114.99,74.16,212.71,122.56,183.43
5/24/2023,30.54,156.66,135.34,107.59,146.33,116.75,74.24,209.7,120.9,181.95
5/25/2023,37.98,154.41,135.67,105.66,145.39,115,73.39,209.98,123.48,180.2
5/26/2023,38.95,154.35,136.94,104.97,145.4,120.11,73.92,211.8,124.61,180.92
5/30/2023,40.11,154.37,137.46,104.04,143.18,121.66,72.69,209.9,123.67,182.04
5/31/2023,37.83,155.06,135.71,102.18,142.5,120.58,73.46,205.75,122.87,182.32
6/1/2023,39.77,154.54,137.58,103.36,143.96,122.77,72.96,209.07,123.72,183.76
6/2/2023,39.33,156.97,140.47,105.76,146.52,124.25,73.85,226.63,124.67,181.05
6/5/2023,39.17,158.32,139.09,105.29,145.94,125.3,73.59,222.47,126.01,182.14
6/6/2023,38.65,158.18,139.34,106.15,144.49,126.61,73.38,226.68,127.31,182.34
6/7/2023,37.48,158.52,140.69,108.53,144.8,121.23,74.17,235.55,122.5,180.15
6/8/2023,38.51,160.26,140.73,108.19,146.44,124.25,74.9,234.45,122.14,182.53
6/9/2023,38.77,160.01,141.01,107.39,146.56,123.43,74.07,235.03,122.23,182.04
6/12/2023,39.48,159.9,141,106.42,145.41,126.57,73.98,237.9,123.64,181.88
6/13/2023,41.02,160.74,142.02,106.44,145.06,126.66,74.35,245.44,123.83,180.54
6/14/2023,43,161.56,141.49,105.16,146.42,126.42,73.4,243.32,123.67,180.64
6/15/2023,42.65,163.73,143.09,105.89,148.45,127.11,74.36,247.67,125.09,181.91
6/16/2023,42.69,164.23,143.26,105.13,149.54,125.49,75.59,245.27,123.53,181.63
6/20/2023,43.81,164.13,142.53,102.72,148.16,125.78,74.76,241.15,123.1,179.75
6/21/2023,43.05,163.88,142.32,103.87,149.44,124.83,75.78,241.48,120.55,179.49
6/22/2023,43.03,165.62,139.58,103.3,149.95,130.15,75.13,237.34,123.15,177.71
6/23/2023,42.21,165.48,138.85,102.4,148.46,129.33,74.17,234.44,122.34,178.2
6/26/2023,40.63,163.63,139.19,104.29,148.61,127.33,74.29,236.95,118.34,178.51
6/27/2023,41.88,163.29,139.2,104.55,150.02,129.18,73.91,240.69,118.33,177.69
6/28/2023,41.12,162.96,138.59,105.4,149.99,129.04,73.44,241.87,120.18,177.28
6/29/2023,40.82,164.1,143.43,106.7,149.38,127.9,72.81,244.24,119.1,177.09
6/30/2023,42.3,165.52,145.44,107.25,151.74,130.36,74.2,246.05,119.7,178.27
7/3/2023,42.41,#N/A,#N/A,#N/A,#N/A,130.22,#N/A,#N/A,119.9,#N/A
7/5/2023,42.32,162.81,144.64,106.91,152.24,130.38,74.95,244.83,121.75,177.84
7/6/2023,42.1,161.6,143.21,102.92,151.99,128.36,73.02,240.58,120.11,177.31
7/7/2023,42.5,159.25,144.34,103.16,148.8,129.78,72.05,245.18,119.48,178.64
7/10/2023,42.18,159.51,145.15,104.69,148.86,127.13,71.71,248.81,116.45,178.78
7/11/2023,42.41,158.63,147.42,105.97,148.08,128.78,72.19,252.85,117.14,179.45
7/12/2023,43.9,158.08,148.15,106.49,148.85,130.8,73.47,253.6,118.93,181.88
7/13/2023,45.98,158.81,148.87,104.54,148.95,134.3,73.71,255.86,124.54,182.01
7/14/2023,45.47,159.87,149.77,100.94,150.05,134.68,73.2,255.62,125.42,181.43
7/17/2023,46.46,159.07,153.38,101.38,148.99,133.56,72.66,257.46,124.65,181.56
7/18/2023,47.49,159.06,153.66,100.92,149.27,132.83,72.05,263.81,123.76,183.64
7/19/2023,47.08,158.74,154.25,101.62,150.29,135.36,72.1,262.75,122.03,183.67
7/20/2023,45.52,168.38,156.15,103.41,150.56,129.96,74.1,261.09,119.2,182.74
7/21/2023,44.31,170.19,154.95,103.89,152.93,130,75.9,257.65,120.02,182.18
7/24/2023,44.61,171.08,158,105.52,153.42,128.8,75.5,259.37,121.53,181.4
7/25/2023,45.68,172.39,156.82,105.68,153.78,129.13,75.44,262.06,122.21,182.41
7/26/2023,45.45,172.72,157.76,105.09,153.94,128.15,74.37,258.32,129.27,183.3
7/27/2023,45.9,173.69,156.02,105.42,152.11,128.25,73.27,258.3,129.4,180.42
7/28/2023,46.75,174.48,156.91,104.16,156.41,132.21,72.85,260.43,132.58,181.86
7/31/2023,46.73,167.53,157.96,107.24,156.3,133.68,73.3,265.17,132.72,182.35
8/1/2023,46.51,168.89,157.18,106.62,156.25,131.69,72.17,288.65,131.55,180.46
8/2/2023,44.27,169.91,155.4,105.29,156.59,128.21,71.91,287.57,128.38,179.6
8/3/2023,44.52,170.64,156.35,107.12,157,128.91,70.1,281.45,128.45,179.54
8/4/2023,44.68,169.04,156.02,107.42,155.28,139.57,69.17,276.44,128.11,180.19
8/7/2023,45.42,173.1,156.76,107.2,156.92,142.22,68.64,281.65,131.53,179.78
8/8/2023,44.66,173.18,155.88,107.73,157.09,139.94,68.71,282.89,131.4,178.64
8/9/2023,42.55,173.07,153.79,109.56,156.89,137.85,68.92,284.53,129.66,177.79
8/10/2023,42.39,172.17,153.56,110.12,156.11,138.56,68.29,283.82,129.69,177.6
8/11/2023,40.85,173.85,154.45,111.83,157.02,138.41,68.92,285.22,129.56,177.6
8/14/2023,43.75,173.44,154.77,111.92,155.79,140.57,68.56,284.54,131.33,177.06
8/15/2023,43.94,172.94,150.83,108.16,154.79,137.67,67.35,277.37,129.78,176.59
8/16/2023,43.49,172.39,150.19,106.34,153.21,135.07,67.56,274.51,128.7,175.57
8/17/2023,43.34,174.01,148.63,108.4,152.11,133.98,67.51,275.17,129.92,175.3
8/18/2023,43.3,172.49,148.97,110.04,152.54,133.22,67.83,273.8,127.46,175.33
8/21/2023,46.97,167.35,149.48,108.71,151.77,134.68,67.08,272.75,128.37,175.81
8/22/2023,45.67,166.02,146.38,108.1,151.83,134.25,67.52,270.2,129.08,176.1
8/23/2023,47.12,164.53,147.37,107.15,153.25,135.52,67.89,273.03,132.37,177.89
8/24/2023,47.16,165.09,147.23,106.35,152.54,131.84,67.22,269.3,129.78,177.85
8/25/2023,46.02,166.25,147.05,108.25,153.54,133.26,67.96,272.56,129.88,177.62
8/28/2023,46.84,164.29,147.56,109.16,153.78,133.14,68.02,274.79,131.01,178.13
8/29/2023,48.78,164.31,148.76,109.81,153.87,134.91,67.51,280.03,134.57,179.87
8/30/2023,49.26,163.73,148.16,110.88,154.04,135.07,67.09,282.33,135.88,180.32
8/31/2023,49.36,161.68,146.33,111.19,154.34,138.01,66.8,281.13,136.17,180.02
9/1/2023,48.51,160.48,146.82,113.52,154.51,138.12,66.87,286.25,135.66,180.11
9/5/2023,48.55,160.68,145.2,113.53,152.44,137.27,66.2,281.63,135.77,178.64
9/6/2023,47.06,158.01,144.96,114.51,152.14,135.36,65.69,282.9,134.46,177.83
9/7/2023,46.24,160.03,143.72,113.95,153.59,137.85,66.25,281.43,135.26,178.02
9/8/2023,45.57,160.56,143.83,115.61,152.93,138.23,66.83,282.28,136.38,178.08
9/11/2023,45.18,162.66,144.46,114.16,154.75,143.1,67.53,282.05,136.92,178.41
9/12/2023,44.87,163.58,146.34,117.49,152.03,141.23,67.73,281.81,135.34,177.49
9/13/2023,45.49,163.99,146.41,116.44,153.09,144.85,68.43,275.92,136.71,177.08
9/14/2023,45.58,163.74,149.25,118.52,154.77,144.72,69.28,282.56,138.1,177.17
9/15/2023,43.9,161.45,148.81,116.7,153.47,140.39,68.64,279.15,137.4,178.34
9/18/2023,43.97,162.47,149.12,117.64,154.05,139.98,68.24,280.94,138.21,179.39
9/19/2023,43.52,162.2,148.93,117.33,153.6,137.63,67.59,279.67,138.04,179.22
9/20/2023,42.24,162.91,148.3,116.4,153.47,135.29,67.35,278.61,133.74,179.35
9/21/2023,41.02,161.66,147.14,114.76,152.14,129.33,66.91,272.03,130.44,178.05
9/22/2023,41.61,160.5,145.73,114.94,151.58,129.12,67.7,273.06,130.25,178.62
9/25/2023,42.22,160.26,146.45,116.23,150.66,131.27,67.47,274.27,131.11,177.7
9/26/2023,41.91,159.02,144.93,116.41,149.32,125.98,65.34,269.52,128.57,176.28
9/27/2023,42.47,157.11,145.78,120.2,147.34,125.98,59.96,272.71,130.54,174.1
9/28/2023,43.09,156.88,147.59,119.47,146.34,125.98,57.08,276.24,132.31,173.23
9/29/2023,43.5,155.75,145.02,117.58,145.86,127.12,57.29,273,130.86,171.45
10/2/2023,44.78,155.15,143.77,115.63,145.19,129.46,52.15,271.72,134.17,169.65
10/3/2023,43.52,155.34,142.71,115.83,145.49,124.72,52.78,268.97,132.43,169.16
10/4/2023,44.04,155.52,143.35,111.5,145.97,127,50.62,265.03,135.24,169.14
10/5/2023,44.69,157.14,142.9,108.99,143.8,125.96,49.45,260.8,135.07,168.83
10/6/2023,45.76,157.64,145.1,107.17,144.09,127.96,50.24,266.04,137.58,169.7
10/9/2023,45.27,158.54,144.77,110.92,143.36,128.26,49.32,271.3,138.42,172.82
10/10/2023,45.8,158.36,145.65,110.45,144.78,129.48,51.58,273.21,138.06,172.53
10/11/2023,46.81,156.18,146.15,106.49,143,131.83,53.54,272.83,140.55,173.79
10/12/2023,46.95,156.33,145.81,106.47,143.32,132.33,53,269.61,138.97,173.26
10/13/2023,45.46,156.85,148,109.87,144.69,129.79,54.49,267.94,137.36,178.83
10/16/2023,46.1,157.53,147.85,109.95,146.07,132.55,54.38,270.79,139.1,177.96
10/17/2023,43.94,156.09,147.53,111.39,146.26,131.47,54.17,272.65,139.72,178.29
10/18/2023,42.2,152.73,145.91,112.95,150.03,128.13,53.24,259.22,137.96,180.87
10/19/2023,42.1,152.32,145.29,113.02,148.25,128.4,52.39,252.89,137.75,183.09
10/20/2023,41.39,153,142.95,111.08,148.05,125.17,51.96,249.2,135.6,183.59
10/23/2023,42.98,151.39,141,109.45,148.15,126.56,51.52,247.32,136.5,182.97
10/24/2023,43.66,151.23,141.17,108.39,149.9,128.56,55.12,249.55,138.81,182.95
10/25/2023,41.78,151.57,140.4,108.59,150.6,121.39,56.46,244.94,125.61,183.72
10/26/2023,40.33,149,140.76,107.6,149.8,119.57,57.57,242.43,122.28,184.01
10/27/2023,40.5,145.6,135.69,105.55,147.16,127.74,56.24,238.56,122.17,186.15
10/30/2023,41.16,147.03,137.42,105.88,149.26,132.71,57.2,242.16,124.46,185.1
10/31/2023,40.78,148.34,139.06,105.85,150.03,133.09,58.3,226.05,124.08,184.09
11/1/2023,42.33,148.69,138.94,105.64,149.61,137,58.43,231.83,126.45,183.51
11/2/2023,43.51,150.24,141.42,109.11,151.44,138.07,59.91,239.12,127.49,184.12
11/3/2023,45.01,151.34,143,107.78,150.07,138.6,59.38,240.75,129.1,184.79
11/6/2023,45.75,151.7,144.08,105.87,150.94,139.74,59.04,238.28,130.25,183.35
11/7/2023,45.96,150.9,144.01,104.21,150.59,142.71,58.46,234.92,130.97,182.59
11/8/2023,46.57,150.35,144.72,102.93,150.01,142.08,57.5,234.82,131.84,180.77
11/9/2023,46.95,147.42,144.29,102.96,150.35,140.6,54.72,234.15,130.24,181.49
11/10/2023,48.34,147.25,146.43,103.75,151.41,143.56,55.14,239.68,132.59,179.51
11/13/2023,48.62,147.63,145.78,104.84,152.46,142.59,54.5,241.67,132.09,180.51
11/14/2023,49.66,147.66,148.44,104.29,152.12,145.8,57.55,247.86,133.62,182.12
11/15/2023,48.89,148.8,149.74,103.66,151.42,143.2,57,251.09,134.62,181.64
11/16/2023,49.48,150.1,151.45,102.46,152.83,142.83,56.6,248.21,136.93,183.69
11/17/2023,49.3,149.79,152.82,104.96,151.07,145.18,57.37,253.07,135.31,183.67
11/20/2023,50.41,149.91,153.29,104.5,150.27,146.13,57.34,250.45,136.25,183.37
11/21/2023,49.94,151.12,152.97,104.46,149.61,143.9,57.98,249.41,136.97,185.35
11/22/2023,48.72,150.82,153.33,104.01,151.02,146.71,57.47,246.01,138.49,184.56
11/24/2023,47.78,#N/A,#N/A,#N/A,#N/A,146.74,#N/A,#N/A,136.69,#N/A
11/27/2023,48.24,151.28,153.19,103.96,151.24,147.73,57.58,247.39,136.41,186.77
11/28/2023,47.82,151.63,153.54,103.9,152.29,147.03,58.16,247.5,137.2,189.26
11/29/2023,48.14,152.11,154.32,102.34,151.13,146.32,58.36,249.45,134.99,189.54
11/30/2023,46.77,154.66,156.08,102.74,153.52,146.09,58.51,250.72,132.53,188.75
12/1/2023,46.77,158.38,156.84,102.99,152.66,147.03,59.17,256.76,131.86,192.01
12/4/2023,45.51,158.88,157.99,102.43,152.06,144.84,58.67,254.75,129.27,187.86
12/5/2023,46.57,158.55,157.97,100.44,146.76,146.88,58.23,255.19,130.99,187.15
12/6/2023,45.5,156.62,156.31,99.11,146.65,144.52,60.2,255.97,130.02,187.84
12/7/2023,46.6,155.4,156.79,98.42,146.5,146.88,59.85,257.41,136.93,188.15
12/8/2023,47.51,154.42,158.52,99.55,145.15,147.42,59.7,259.5,134.99,185.64
12/11/2023,46.63,155.06,159.1,99.62,145.82,145.89,59.71,260.92,133.29,183.59
12/12/2023,47.66,155.07,160.52,98.05,145.94,147.48,59.52,261.43,132.52,183.49
12/13/2023,48.09,155.79,161.06,98.92,148.58,148.84,62.51,267.97,132.57,187.63
12/14/2023,48.35,156.87,163.99,101.58,144.66,147.42,62.78,285.17,131.94,188.73
12/15/2023,48.89,155.16,165.23,100.9,143.96,149.97,61.5,285.74,132.6,187
12/18/2023,50.08,155.44,166.23,101.65,146.17,154.07,61,285.71,135.8,187.85
12/19/2023,49.6,156.46,168.45,102.99,146.17,153.79,61.57,292.96,136.65,189.13
12/20/2023,48.11,153.27,166.55,101.27,143.91,152.12,59.84,289.71,138.34,188.1
12/21/2023,48.99,154.84,167.5,101.73,144.26,153.84,59.6,290.07,140.42,189.43
12/22/2023,48.83,155.46,167.4,101.91,145.28,153.42,59.75,290.36,141.49,190.27
12/26/2023,49.28,156.14,168.39,102.14,145.94,153.41,60.21,295.63,141.52,191.72
12/27/2023,49.42,156.35,169.4,101.66,146.06,153.34,60.58,298.12,140.37,192.59
12/28/2023,49.52,156.58,170.3,100.19,145.73,153.38,61.02,296.88,140.23,191.47
12/29/2023,49.52,156.74,170.1,99.98,146.54,151.94,60.74,295.67,139.69,191.17
1/2/2024,48.17,159.97,172.08,102.36,148.74,149.93,61.57,292.71,138.17,190.72
1/3/2024,47.57,160.97,171.33,103.22,147.84,148.47,61.99,284.3,138.92,189.13
1/4/2024,48,160.63,171.41,102.32,148.65,144.57,61.8,286.1,136.39,189.32
1/5/2024,49.1,161.13,172.27,102.63,147.42,145.24,62.08,288.93,135.73,189.35
1/8/2024,52.25,161.53,172.02,100.92,148.69,149.1,62.92,292.25,138.84,187.87
1/9/2024,53.14,161.63,170.66,99.67,149.3,151.37,62.01,292.29,140.95,187.93
1/10/2024,54.35,161.87,171.02,98.69,149.94,153.73,62.28,293.35,142.28,187.5
1/11/2024,54.82,161.15,170.3,98.67,150.51,155.18,60.72,292.06,142.08,187.87
1/12/2024,54.71,162.39,169.05,99.95,150.6,154.62,61.04,290.41,142.65,189.71
1/16/2024,56.38,160.52,167.99,97.69,149.79,153.16,60.35,287.23,142.49,187.91
1/17/2024,56.05,160.43,167.09,96.98,149.94,151.71,58.27,278.63,141.47,185.84
1/18/2024,57.11,161.21,167.42,96.8,148.14,153.5,57.65,281.9,143.48,187.37
1/19/2024,59.49,161.68,170.31,96.95,147.57,155.34,57.26,285.28,146.38,187.93
1/22/2024,59.65,162.47,170.11,96.82,147.86,154.78,56.85,288.67,145.99,187.22
1/23/2024,59.87,159.81,168.99,97.91,153.98,156.02,57.38,288.83,147.04,187.95
1/24/2024,61.36,158.96,170.5,99.6,152.12,156.87,57.01,290.68,148.7,186.4
1/25/2024,61.62,159.56,172.94,102.13,155.62,157.75,57.98,300.77,151.87,187.14
1/26/2024,61.03,159.5,172.28,103,156.14,159.12,58.48,299.43,152.19,187.01
1/29/2024,62.47,159.36,172.73,103.13,156.16,161.26,59.57,303.25,153.51,188.33
1/30/2024,62.77,158.77,176.27,104.85,157.49,159,59.28,304.76,151.46,188.59
1/31/2024,61.53,158.9,174.36,102.81,157.14,155.2,58.63,300.31,140.1,188.45
2/1/2024,63.03,158.36,173.73,102.39,159.18,159.28,59.75,307.69,141.16,190.41
2/2/2024,66.16,156.61,174.73,101.97,158.09,171.81,58.15,315.09,142.38,188.61
2/5/2024,69.33,155.8,174.5,101.55,158.21,170.31,55.97,321.4,143.68,187.57
2/6/2024,68.22,158.06,175.1,102.25,158.96,169.15,56.23,322.72,144.1,188.55
2/7/2024,70.1,157.98,175.43,102.22,159.12,170.53,56.38,323.59,145.54,188.5
2/8/2024,69.64,156.4,174.8,103.97,158.64,169.84,56.29,322,145.91,188.33
2/9/2024,72.13,156.76,175.01,101.77,157.42,174.45,56.58,317.16,149,187.6
2/12/2024,72.25,157.85,175.79,103.17,157.11,172.34,57.55,321.63,147.53,187.11
2/13/2024,72.13,156.47,174.26,101.34,156.27,168.64,55.25,312.84,145.14,184.53
2/14/2024,73.9,155.74,176.03,100.84,155.63,170.98,56.01,316.71,145.94,184.42
2/15/2024,72.66,157.92,179.87,103.73,157.01,169.8,57.27,323.07,142.77,185.66
2/16/2024,72.61,156.55,179.03,103.73,157.51,169.51,57.03,321.91,140.52,186.34
2/20/2024,69.45,157.86,179.73,102.75,158.51,167.08,56.61,313.74,141.12,187.47
2/21/2024,67.47,158.68,180.9,104.85,160.4,168.59,57.1,317.14,142.55,187.48
2/22/2024,78.54,160.45,183.07,104.76,160.56,174.58,56.67,322.09,144.09,187.56
2/23/2024,78.82,161.84,183.99,103.84,161.03,174.99,56.78,323.88,143.96,188.62
2/26/2024,79.09,160.79,183.36,104.25,160.22,174.73,55.15,325.38,137.57,188.2
2/27/2024,78.7,160.98,183.45,104.03,159.3,173.54,55.56,327.63,138.88,188
2/28/2024,77.66,161.55,184.38,104.32,160.05,173.16,55.04,329.56,136.38,188.34
2/29/2024,79.11,161.38,186.06,104.52,158.94,176.76,55.19,333.96,138.46,189.31
3/1/2024,82.28,162.12,185.29,105.84,158.85,178.22,55.21,336.7,137.14,192.89
3/4/2024,85.24,159.84,186.68,104.36,159.56,177.58,54.97,338.65,133.35,196.01
3/5/2024,85.96,159.97,188.55,105.64,159.32,174.12,55.4,333.53,132.67,197.19
3/6/2024,88.7,159.34,189.53,106.77,159.57,173.51,55.53,335.63,131.4,198.81
3/7/2024,92.67,158.87,187.87,107.37,160.62,176.82,56.25,340.22,134.38,199.94
3/8/2024,87.53,159.52,188.22,108.38,160.35,175.35,57.81,339.19,135.41,201.63
3/11/2024,85.77,161.23,188.29,109.02,161.55,171.96,57.87,334.97,137.67,202
3/12/2024,91.91,162.74,189.84,108.32,161.93,175.39,57.15,337.24,138.5,199.79
3/13/2024,90.89,161.1,191.38,109.53,162.3,176.56,59.54,341.52,139.79,201.19
3/14/2024,87.94,159.21,187.97,111.47,161.5,178.75,59.54,341.92,143.1,200.35
3/15/2024,87.84,158.18,190.3,111.27,161.38,174.42,60.08,346.97,141.18,199.71
3/18/2024,88.46,156.76,192.66,112.3,161.21,174.48,60.17,351.9,147.68,200.03
3/19/2024,89.4,156.21,193.79,113.09,161.83,175.9,61.27,353.9,147.03,199.8
3/20/2024,90.37,155.76,196.33,112.99,161.99,178.15,62.2,356.45,148.74,202.18
3/21/2024,91.44,155.75,199.06,113.49,161.86,178.15,61.36,364.56,147.6,201.97
3/22/2024,94.29,155.23,196.62,113.49,161.66,178.87,61.78,358.11,150.77,200.35
3/25/2024,95,155.22,194.82,114.65,160.19,179.71,62.61,355.95,150.07,200.99
3/26/2024,92.56,155.77,195.73,113.79,160.55,178.3,61.43,356.39,150.67,201.64
3/27/2024,90.25,157.96,199.52,114.97,162.61,179.83,63.79,364.65,150.87,203.1
3/28/2024,90.36,158.19,200.3,116.24,162.25,180.38,63.91,366.43,150.93,205.72
4/1/2024,90.36,157.78,198.94,116.99,160.58,180.97,63.38,363.74,155.49,207.82
4/2/2024,89.45,157.73,198.86,119.28,160.57,180.69,62.88,364.83,154.56,210.89
4/3/2024,88.96,154.26,198.3,119.3,156.15,182.41,62.55,375.79,154.92,212.74
4/4/2024,85.91,152.5,195.65,119.72,155.45,180,63.73,369.79,150.53,211.52
4/5/2024,88.01,152.39,197.45,121.37,156.1,185.07,64.18,379.3,152.5,215.14
4/8/2024,87.13,151.59,198.48,120.55,156.04,185.19,64.86,373.47,154.85,216.48
4/9/2024,85.35,152.29,197.15,121.18,156.66,185.67,65.38,371.9,156.6,217.67
4/10/2024,87.04,150.2,195.47,122.2,157.24,185.95,64.01,372.07,156.14,215.61
4/11/2024,90.62,148.79,195.43,121.79,155.84,189.05,63.94,371.98,159.41,219.8
4/12/2024,88.19,147.52,182.79,120.37,155.33,186.13,63.08,365.63,157.73,216.89
4/15/2024,86,147.59,182.89,119.68,155.45,183.62,62.75,363.91,154.86,220.95
4/16/2024,87.42,144.45,180.8,118.69,155.95,183.32,61.7,359.88,154.4,221.22
4/17/2024,84.04,144.77,180.08,118.63,156.96,181.28,63.79,358.32,155.47,219.59
4/18/2024,84.67,145.74,181.25,118.52,157.29,179.22,64.01,357.93,156.01,220.34
4/19/2024,76.2,147.91,185.8,119.88,158.14,174.63,64.3,354.66,154.09,221.03
4/22/2024,79.52,149.12,189.41,120.56,160.54,177.23,65.31,357.61,156.28,215.57
4/23/2024,82.42,149.56,192.14,121.03,161.5,179.54,66.2,363.25,158.26,215.04
4/24/2024,79.68,148.53,193.08,121.05,162.6,176.59,66.56,363.52,159.13,214.64
4/25/2024,82.63,146.82,193.37,121.33,162.55,173.67,66.9,338,156,215.92
4/26/2024,87.74,146.14,193.49,117.96,161.29,179.62,65.99,343.38,171.95,216.62
4/29/2024,87.76,146.82,193.28,119.64,161.66,180.96,67.42,349.8,166.15,216.18
4/30/2024,86.4,144.59,191.74,118.27,163.2,175,66.97,334.57,162.78,211.87
5/1/2024,83.04,151.18,191.86,116.03,163.4,179,68.61,331.07,163.86,213.79
5/2/2024,85.82,149.92,191.66,116.24,163.84,184.72,68.85,335.44,166.62,213.13
5/3/2024,88.79,149.27,190.51,116,164.46,186.21,70.14,336.75,167.24,212.96
5/6/2024,92.14,148.58,192,116.75,164.44,188.7,71.25,342.1,168.1,215.2
5/7/2024,90.55,148.72,191.75,116.17,165.76,188.76,71.95,345,171.25,214.21
5/8/2024,90.41,148.95,195.65,116.15,165.07,188,72.85,344.5,169.38,213.58
5/9/2024,88.75,149.85,197.5,118.44,166.04,189.5,74.58,351.78,169.96,216.95
5/10/2024,89.88,149.91,198.77,117.96,166.85,187.48,73.79,354.79,168.65,218.71
5/13/2024,90.4,151.22,198.73,117.91,165.87,186.57,74.58,356.68,169.14,216.26
5/14/2024,91.36,151.38,201.51,117.67,165.76,187.07,75.42,358.18,170.34,218.09
5/15/2024,94.63,152.67,202.11,118.58,166.51,185.99,77.05,360.04,172.51,220.89
5/16/2024,94.36,154.28,202.47,117.87,167.86,183.63,76.41,350.72,174.18,220.03
5/17/2024,92.48,154.64,204.79,119.64,167.64,184.7,76.09,356.27,176.06,223.66
5/20/2024,94.78,151.27,195.58,118.67,167.31,183.54,75.87,362.75,176.92,224.56
5/21/2024,95.39,151.24,199.52,117.85,168.35,183.15,76.95,359.07,177.85,224.23
5/22/2024,94.95,153.5,198.31,115.48,167.81,183.13,76.32,355.94,176.38,220.11
5/23/2024,103.8,149.7,196.92,113.51,165.49,181.05,75.32,350.7,173.55,215.72
5/24/2024,106.47,146.97,200.71,113.42,165.33,180.75,76.61,348.9,174.99,215.92
5/28/2024,113.9,144.38,199.5,114.86,163.11,182.15,77.53,346.47,176.4,218.19
5/29/2024,114.83,144.44,198.11,113.63,161.65,182.02,76.68,338.11,175.9,216.16
5/30/2024,110.5,145.28,199.33,113.99,162.58,179.32,78.19,339.25,172.11,216.57
5/31/2024,109.63,146.67,202.63,117.26,164.54,176.44,80.02,338.52,172.5,215.3
6/3/2024,115,147.74,201.82,114.45,164.65,178.34,77.71,331.36,173.17,217.22
6/4/2024,116.44,147.8,199.16,112.67,167.01,179.34,77.15,327.57,173.79,215.27
6/5/2024,122.44,145.97,197.26,113.12,166.05,181.28,77.05,329.45,175.41,217.82
6/6/2024,121,146.42,196.91,113.97,168.47,185,76.7,328.29,176.73,219.43
6/7/2024,120.89,147.08,199.95,112.75,167.06,184.3,75.39,328.94,174.46,211.6
6/10/2024,121.79,147.13,199.61,113.08,167.35,187.06,76.97,329.61,175.01,213.54
6/11/2024,120.91,146.76,194.36,112.17,167.48,187.23,72.74,327.31,176.62,214.15
6/12/2024,125.2,145.41,191.53,110.93,165.18,186.89,72.26,328.73,177.79,214.72
6/13/2024,129.61,145.45,193.66,110.04,166.41,183.83,73.18,326.36,175.16,212.97
6/14/2024,131.88,145.54,193.78,109.11,166.79,183.66,73.06,321.47,176.79,215.73
6/17/2024,130.98,145.95,194.98,108.36,167.5,184.06,72.31,322.4,177.24,214.61
6/18/2024,135.58,145.65,197,109.38,168.56,182.81,70.44,325.14,175.09,215.47
6/20/2024,130.78,147.78,198.67,111.74,167.67,186.1,72.46,329.13,176.3,218.16
6/21/2024,126.57,148.75,196.3,110.76,168.26,189.08,72.81,327.84,179.63,214.78
6/24/2024,118.11,149.12,198.88,114.05,168.45,185.57,73.85,330,179.22,215.63
6/25/2024,126.09,147.19,198.07,114.37,166.85,186.34,72.98,327.4,184.03,214.56
6/26/2024,126.4,146.82,197.43,114.41,167.45,193.61,73.37,326.73,183.88,212.58
6/27/2024,123.99,145.8,199.17,114.9,166.62,197.85,73.72,327.46,185.41,214.99
6/28/2024,123.54,146.16,202.26,115.12,164.92,193.25,70.81,333.1,182.15,215.01
7/1/2024,124.3,146.44,205.45,114.96,162.72,197.2,69.9,329.08,182.99,215.57
7/2/2024,122.67,146.03,208.83,114.18,163.9,200,70.47,327.76,185.24,215.56
7/3/2024,128.28,#N/A,#N/A,#N/A,#N/A,197.59,#N/A,#N/A,185.82,#N/A
7/5/2024,125.83,146.48,204.79,113.37,165.21,200,72.09,328.35,190.6,220.93
7/8/2024,128.2,145.48,205.17,112.18,166.52,199.29,72.11,329.06,189.03,218.19
7/9/2024,131.38,147.05,207.63,110.94,165.66,199.34,72.12,326.06,188.98,218.56
7/10/2024,134.91,149.43,207.8,111.92,166.8,199.79,72.9,328.48,191.18,219.36
7/11/2024,127.4,149.7,207.45,113.25,165.54,195.05,74.7,331.13,185.57,223.25
7/12/2024,129.24,149.88,204.94,113.27,166.61,194.49,76,335.59,185.07,223.11
7/15/2024,128.44,149.24,210.05,115.21,164.58,192.72,70.97,345.77,186.53,223.83
7/16/2024,126.36,151.01,213.62,116.04,166.95,193.02,71.9,360.58,183.92,228.29
7/17/2024,117.99,156.58,216.87,117.64,169.44,187.93,70.9,357.8,181.02,227.23
7/18/2024,121.09,155.42,209.98,118.8,168.44,183.75,71.67,356.03,177.69,225.78
7/19/2024,117.93,154.69,209.78,116.07,167.96,183.13,72,347.63,177.66,221.73
7/22/2024,123.54,154.24,210.28,115.27,168.25,182.55,72.9,347.87,181.67,221.8
7/23/2024,122.59,152.35,210.33,113.41,166.62,186.41,72.11,344.17,181.79,222.58
7/24/2024,114.25,156.28,208.59,115.01,168,180.83,75.41,336.04,172.63,221.8
7/25/2024,112.28,159.64,208.67,117.43,166.9,179.85,73.44,344.3,167.28,218.33
7/26/2024,113.06,160.64,212.24,117.33,169.11,182.5,74.26,350.48,167,220.63
7/29/2024,111.59,158.56,210.85,116.1,169.93,183.2,74.34,344.53,169.53,220.32
7/30/2024,103.73,161.33,215.19,118.17,161.7,181.71,74.28,341.72,170.29,222.52
7/31/2024,117.02,157.85,212.8,118.59,160.76,186.98,76.39,346.2,171.54,226.55
8/1/2024,109.21,160.76,207.96,116.95,165.69,184.07,78.39,331.52,170.76,225.77
8/2/2024,107.27,164.14,199.14,116.88,170.08,167.9,79.2,320.87,166.66,225.34
8/5/2024,100.45,161.25,194.9,114.77,168.06,161.02,76.68,316.8,159.25,222.48
8/6/2024,104.25,158.97,200.34,114.16,168.09,161.93,76.97,326.44,158.29,220.7
8/7/2024,98.91,158.9,200.4,115.68,170.02,162.77,77.56,325.8,158.94,220.55
8/8/2024,104.97,160.22,204.06,117.89,170.87,165.8,77.54,336.16,162.03,224.01
8/9/2024,104.75,160.62,205.8,118.85,170.54,166.94,77.46,338.26,163.67,224.56
8/12/2024,109.02,159.88,206.19,119,166.81,166.8,77.58,336.03,162.29,228.41
8/13/2024,116.14,158.39,207.94,117.86,167.29,170.23,78.12,338.8,164.16,228.06
8/14/2024,118.08,158.48,210.24,118.95,168.8,170.1,78.01,337.59,160.37,226.2
8/15/2024,122.86,159.09,211.55,118.73,167.92,177.59,77.41,345.64,161.3,226.91
8/16/2024,124.58,159.39,213.97,118.17,167.89,177.06,78.57,343.48,162.96,231.99
8/19/2024,130,159.63,215.45,118.53,168.42,178.22,79.35,344.65,166.67,231.61
8/20/2024,127.25,160.16,214.52,114.58,170.41,178.88,78.98,343.3,167.18,232.46
8/21/2024,128.5,161.43,214.6,113.85,170.16,180.11,79.64,342.97,165.85,232.15
8/22/2024,123.74,162.35,216.63,114.73,170.15,176.13,78.92,342.36,163.8,229.37
8/23/2024,129.37,164.13,218.31,116.32,169.17,177.04,79.66,348.41,165.62,232.02
8/26/2024,126.46,164.61,219.17,118.81,170.35,175.5,80.64,351.16,166.16,232.76
8/27/2024,128.3,162.95,220.18,117.68,169.25,173.12,79.61,351.12,164.68,233.39
8/28/2024,125.61,163.92,221.29,116.52,169.06,170.8,79.41,348.2,162.85,231.75
8/29/2024,117.59,164.23,222.21,118.13,170.03,172.12,80.03,351.64,161.78,232.95
8/30/2024,119.37,165.86,224.8,117.94,171.54,178.5,80.51,356.1,163.38,231.29
9/3/2024,108,167.16,220.3,115.47,174.52,176.25,79.93,340.24,157.36,230.29
9/4/2024,106.21,167.36,219.33,114.06,175.9,173.33,81.08,336.75,156.45,230.43
9/5/2024,107.21,164.99,217.63,113.17,175.47,177.89,80.33,333.56,157.24,232.35
9/6/2024,102.83,164.38,212.46,112.64,175.59,171.39,79.98,329.36,150.92,230.63
9/9/2024,106.47,166.61,216.81,115.01,176.06,175.4,81.19,334.04,148.71,231.6
9/10/2024,108.1,167.38,205.56,110.82,177.79,179.55,82.3,334.16,148.66,232.62
9/11/2024,116.91,164.82,207.23,109.72,173.92,184.52,83.43,335,151.16,232.25
9/12/2024,119.14,164.64,206.6,111.23,173.47,187,83.46,339.58,154.69,236.33
9/13/2024,119.1,165.52,204.32,111.15,174.08,186.49,84.65,345.31,157.46,238.68
9/16/2024,116.78,166.99,207.86,112.71,177.24,184.89,84.64,347.96,158.06,238.66
9/17/2024,115.59,167.07,209.25,114.18,175.88,186.88,84.97,353.69,159.32,237.34
9/18/2024,113.37,166.15,207.53,114.58,173.92,186.43,84.28,355.12,159.81,235.51
9/19/2024,117.87,164.82,210.48,116,171.54,189.87,82.29,373.31,162.14,239.17
9/20/2024,116,164.16,211.09,115.27,174.22,191.6,82.76,368.82,163.59,242.21
9/23/2024,116.26,163.22,211.44,117.36,173.77,193.88,84.82,371.17,161.85,242.68
9/24/2024,120.87,162.78,211.59,117.05,173.24,193.96,84.29,385.93,162.29,246.07
9/25/2024,123.51,160.6,210.19,114.77,172.26,192.53,84.62,378.25,161.49,245.73
9/26/2024,124.04,161.39,209.78,112.8,173.21,191.16,83.46,390.96,162.73,246.98
9/27/2024,121.4,161.4,210.5,115.82,173.55,187.97,84.54,391.08,163.95,245.02
9/30/2024,121.44,162.06,210.86,117.22,173.2,186.33,84.53,391.12,165.85,243.06
10/1/2024,117,161.99,207.04,119.93,173.04,185.13,85.27,392.39,166.99,245.61
10/2/2024,118.85,161.17,207.29,121.52,171.92,184.76,85.43,394.05,165.86,245.66
10/3/2024,122.85,160.5,205.23,122.58,170.12,181.96,85.05,391.09,165.86,245.49
10/4/2024,124.92,160.29,211.22,124.83,168.88,186.51,83.85,397.09,167.06,245
10/7/2024,127.72,159.53,210.93,125.37,167.12,180.8,80.29,398.25,162.98,244.17
10/8/2024,132.89,159.69,210.75,122.04,168.16,182.72,80.5,387.96,164.38,242.37
10/9/2024,132.65,160.65,213.42,122.09,169.27,185.17,80.58,396.19,161.86,241.05
10/10/2024,134.81,160.51,212.84,123.14,168.95,186.65,80.94,396.64,162.08,242.82
10/11/2024,134.8,161.46,222.29,123.61,171.09,188.82,81.86,402.02,163.24,245.47
10/14/2024,138.07,161.6,221.48,124.08,172.51,187.54,82.91,393.95,164.96,245.07
10/15/2024,131.6,164.1,222.39,124.08,173.57,187.54,82.79,393.95,165.46,245.92
10/16/2024,135.72,164.28,223.64,120.66,172.38,186.89,84.39,393.62,165.16,247.15
10/17/2024,136.93,164.47,224.42,120.35,172.28,187.53,83.78,394.49,162.93,248.63
10/18/2024,138,165.12,225.37,120.01,171.28,188.99,84.38,393.86,163.42,251.27
10/21/2024,143.71,162.83,223,120.08,169.54,189.07,84.03,390.48,164.07,251.22
10/22/2024,143.59,163.45,224.12,120.7,169.7,189.7,83.7,388.46,165.14,253.93
10/23/2024,139.56,165.86,223.41,120.27,169.58,184.71,84.96,385.73,162.78,250.87
10/24/2024,140.41,163.67,224.98,119.59,169.62,186.38,82.81,387.06,162.72,252.8
10/25/2024,141.54,160.88,222.31,119.49,168.22,187.83,81.43,385.97,165.27,253.32
10/28/2024,140.52,161.6,225.5,118.9,169.3,188.39,82.87,390.61,166.72,253.33
10/29/2024,141.25,160.09,222.9,#N/A,167.17,#N/A,79.56,#N/A,169.68,256.09
10/30/2024,139.34,160.61,224.41,116.69,166.16,192.73,79.09,379.24,174.46,257.5
10/31/2024,132.76,159.86,221.92,116.78,165.18,186.4,79.25,376.2,171.11,253.51
11/1/2024,135.4,160.13,222.94,114.95,165.1,197.93,77.35,379.63,171.29,252.47
11/4/2024,136.05,158.24,219.78,118.61,165.08,195.78,78.37,376.52,169.24,252.83
11/5/2024,139.91,158.35,221.49,118.96,165.76,199.5,78.65,383.37,169.74,253.4
11/6/2024,145.61,157.88,247.06,121,161.05,207.09,74.52,416.88,176.51,245.7
11/7/2024,148.88,156.73,236.38,121.15,163.41,210.05,74.62,408.21,180.75,249.65
11/8/2024,147.63,155.47,236.98,121.11,167.71,208.18,76.97,393.37,178.35,247.96
11/11/2024,145.26,155.04,239.29,120.47,166.03,206.84,75.91,396.54,180.35,242.14
11/12/2024,148.29,152.64,239.56,120.35,165.84,208.91,74.26,393.01,181.62,240.05
11/13/2024,146.27,153.24,241.16,121.47,166.58,214.1,74.24,387.07,178.88,237.63
11/14/2024,146.76,151.87,241.87,120.56,167.08,211.48,75.28,387.36,175.58,237.01
11/15/2024,141.98,154,245.31,119.31,169.54,202.61,76.35,384.07,172.49,236.59
11/18/2024,140.15,154.77,245.03,120.31,170.75,201.7,76.39,384.46,175.3,241.09
11/19/2024,147.01,153,243.09,118.63,170.76,204.61,77.08,382.33,178.12,243.25
11/20/2024,145.89,153.11,240.78,120.32,170.89,202.88,76.88,381.5,175.98,244.62
11/21/2024,146.67,155.5,244.76,121.93,172.75,198.38,77.36,389.59,167.63,246.66
11/22/2024,141.95,155.17,248.55,121.79,176.28,197.12,76,397.49,164.76,249.84
11/25/2024,136.02,155.78,250.29,119.97,177.39,201.45,76.64,405.65,167.65,242.48
11/26/2024,136.92,154.52,249.97,117.97,179.31,207.86,77.49,407.83,169.12,242.95
11/27/2024,135.34,155.4,249.79,117.66,179.36,205.74,78.52,403.7,169.23,243.49
11/29/2024,138.25,#N/A,#N/A,#N/A,#N/A,207.89,#N/A,#N/A,168.95,#N/A
12/2/2024,138.63,154.8,246.25,117.85,179.7,210.71,77.07,402.51,171.49,243.44
12/3/2024,140.26,152.36,244.82,117.67,175.42,213.44,76.29,399.26,171.34,243.93
12/4/2024,145.14,150.47,243.4,114.28,175.11,218.16,75.74,399.51,174.37,244.67
12/5/2024,145.06,149.52,245.48,114.78,176.03,220.55,76.2,394.98,172.64,242.86
12/6/2024,142.44,149.31,247.36,113.57,173.82,227.03,75.24,395.03,174.71,242.95
12/9/2024,138.81,149.6,243.81,112.9,170.79,226.09,74.7,399.26,175.37,245.36
12/10/2024,135.07,149.23,242.86,112.67,172.28,225.04,74.14,388.39,185.17,248.59
12/11/2024,139.31,146.64,243.53,111.92,170.63,230.26,73.98,388.87,195.4,250.96
12/12/2024,137.34,146.24,241.53,111.82,170.85,228.97,73.22,380.78,191.96,247.28
12/13/2024,134.25,146.62,239.94,110.84,171.06,227.46,73.62,380.51,189.82,244.29
12/16/2024,132,143.85,239.58,108.47,171.14,232.93,72.79,378.92,196.66,244.88
12/17/2024,130.39,146.41,238.36,108.01,170.33,231.15,72.27,375.8,195.42,243.94
12/18/2024,128.91,144.75,230.37,106.42,169.08,220.52,70.52,363.89,188.4,239.26
12/19/2024,130.68,143.58,232.96,105.51,169.19,223.29,69.77,360.37,188.51,239.6
12/20/2024,134.7,144.47,237.6,105.87,168.06,224.92,71.67,366.04,191.41,242.1
12/23/2024,139.67,145.27,238.39,106.3,168.11,225.06,72.49,365.39,194.63,240.96
12/24/2024,140.22,#N/A,#N/A,#N/A,#N/A,229.05,#N/A,#N/A,196.11,#N/A
12/26/2024,139.93,145.58,243.14,106.49,170.16,227.05,72.37,367.12,195.6,243.07
12/27/2024,137.01,145.05,241.17,106.48,169.53,223.75,72.11,364.86,192.76,241.4
12/30/2024,137.49,143.34,239.32,105.76,167.09,221.3,71.76,363.01,191.24,240.63
12/31/2024,134.29,144.62,239.71,107.57,167.65,219.39,71.69,362.76,189.3,242.13
1/2/2025,138.31,144.02,240,107.31,165.98,220.22,71.61,359.77,189.43,245.42
1/3/2025,144.47,144.19,243.28,107.86,165.13,224.19,71.99,363.79,191.79,243.49
1/6/2025,149.43,143.66,240.85,107.74,160.6,227.61,71.24,364.2,196.87,243.19
1/7/2025,140.14,146.23,243.17,108.75,161.3,222.11,70.43,363,195.49,244.56
1/8/2025,140.11,142.27,243.13,106.93,162.1,222.13,70.66,361.07,193.95,245.86
1/10/2025,135.91,142.06,239.87,106.54,158.56,218.94,67.38,351,192.04,248.21
1/13/2025,133.23,144.47,244.21,109.29,158.84,218.46,66.96,362.5,191.01,245.74
1/14/2025,131.76,144.75,247.47,109.72,159.74,217.76,67.98,371.57,189.66,247.03
1/15/2025,136.24,144.97,252.35,111.51,159.65,223.35,69.29,374.89,195.55,248.88
1/16/2025,133.57,147.77,254.27,111.32,160.5,220.66,71.37,380.55,192.91,250.6
1/17/2025,137.71,147.03,259.16,112.32,161.13,225.94,70.76,386.02,196,249.27
1/21/2025,140.83,148.15,263.03,111.47,161.72,230.71,70.85,398.36,198.05,253.13
1/22/2025,147.07,145.27,262.84,109.53,164.74,235.01,68.49,397.61,198.37,254.43
1/23/2025,147.22,146.64,265.95,110.15,166.15,235.42,69.23,406.4,197.98,254.07
1/24/2025,142.62,146.82,264.84,108.66,164.12,234.85,72.83,407.63,200.21,255.65
1/27/2025,118.42,152.89,265.85,110.17,169.66,235.42,73.83,394.98,191.81,252.99
1/28/2025,128.99,150.38,267.14,108.04,166.19,238.15,70.54,390.29,195.3,255.18
1/29/2025,123.7,151.15,266.58,108.67,166.23,237.07,70.89,393.23,195.41,254.2
1/30/2025,124.65,152.87,268.23,109.57,167.41,234.64,71.3,374.98,200.87,258.05
1/31/2025,120.07,152.15,267.3,106.83,165.99,237.68,71.56,371.44,204.02,258.56
2/3/2025,116.66,151.87,266.81,107.09,168.76,237.42,71.05,361.55,201.23,259.94
2/4/2025,118.65,153.49,267.94,109.96,168.13,242.06,69.9,361.95,206.38,262.5
2/5/2025,124.83,154.69,270.43,109.88,169.01,236.17,69.2,358.85,191.33,264.13
2/6/2025,128.68,153.51,276.9,108.43,168.88,238.83,69.27,365.45,191.6,263.43
2/7/2025,129.84,153.12,275.8,108.89,167.97,229.15,68.27,363.88,185.34,263.9
2/10/2025,133.57,154.24,271.04,110.97,167.53,233.14,69.7,363.22,186.47,268.37
2/11/2025,132.8,156.13,274.99,111.67,169.43,232.76,70.33,362.23,185.32,267.39
2/12/2025,131.14,155.26,275.45,107.35,169.58,228.93,69.28,352.04,183.61,267.67
2/13/2025,135.29,157.25,276.32,108.13,171.02,230.37,68.6,353.7,186.14,270.31
2/14/2025,138.85,156.15,276.59,108.24,162.89,228.68,68.06,353.32,185.23,266.29
2/18/2025,139.4,154.99,279.95,110.14,165.43,226.65,68.5,354,183.77,270.7
2/19/2025,139.23,157.89,279.25,110.3,166.49,226.63,69.06,353,185.27,270.85
2/20/2025,140.11,159.68,266.8,112,167.21,222.88,70.14,349.15,184.56,270.99
2/21/2025,134.43,162.3,264.24,110.69,170.23,216.58,71.58,340.04,179.66,270.74
2/24/2025,130.28,163.74,261.34,111.27,170.54,212.71,70.8,338.92,179.25,272.21
2/25/2025,126.63,166.09,257.4,109.73,172.65,212.8,71.28,342.36,175.42,268.62
2/26/2025,131.28,163.08,258.79,109.46,171.3,214.35,71.01,342.58,172.73,269.03
2/27/2025,120.15,163.73,259.05,110.15,171.97,208.74,69.38,340,168.5,264.93
2/28/2025,124.92,165.02,264.65,111.33,173.84,212.28,70.17,343.95,170.28,263.27
3/3/2025,114.06,167.28,260.62,107.76,175.59,205.02,71.62,332.04,167.01,266.74
3/4/2025,115.99,165.42,250.25,107.54,173.18,203.8,70.85,326.75,170.92,269.06
3/5/2025,117.3,165.12,251.53,105.44,174.61,208.36,70.48,338.49,173.02,269.62
3/6/2025,110.57,165.83,246.54,107.62,174.66,200.7,70.01,341.01,172.35,268.25
3/7/2025,112.69,166.69,242.28,109.02,175.95,199.25,72.83,350.3,173.86,268.39
3/10/2025,106.98,167.7,232.22,111.8,176.26,194.54,76.16,345.21,165.87,266.04
3/11/2025,108.76,165.86,229.14,109.16,173.12,196.59,74.03,339.77,164.04,269.16
3/12/2025,115.74,162.85,227.9,109.13,168.37,198.89,72.92,338.13,167.11,270.33
3/13/2025,115.58,162.99,225.19,108.67,168.59,193.89,72.73,333.31,162.76,275.13
3/14/2025,121.67,162.81,232.44,111.9,167.97,197.95,73.55,339.64,165.49,275.24
3/17/2025,119.53,162.84,233.93,113.76,169.76,195.74,72.11,342.64,164.29,276.73
3/18/2025,115.43,164.25,234.97,113.64,167.71,192.82,70.7,336.71,160.67,279.96
3/19/2025,117.52,162.99,239.11,115.41,168.57,195.54,70.5,338.62,163.89,281.11
3/20/2025,118.53,163.02,239.01,115.9,167.55,194.95,71.15,336.25,162.8,280.75
3/21/2025,117.7,163.63,241.63,115.5,166.69,196.21,70.88,335.78,163.99,278.49
3/24/2025,121.41,163.29,248.06,115.8,165.65,203.26,70.07,341.67,167.68,277.25
3/25/2025,120.69,161.02,251.13,116.59,162.85,205.71,68.59,342.62,170.56,278.47
3/26/2025,113.76,161.72,251.03,118.27,166.58,201.13,69.73,341.11,165.06,278.24
3/27/2025,111.43,163.13,248.12,117.89,168.71,201.36,70.03,339.3,162.24,281.97
3/28/2025,109.67,163.71,242.85,117.73,168.03,192.72,70.45,329.69,154.33,284.06
3/31/2025,108.38,165.84,245.3,118.93,170.42,190.26,70.89,329.8,154.64,288.14
4/1/2025,110.15,153.25,243.66,119.04,170.56,192.17,70.92,330.57,157.07,287.57
4/2/2025,110.42,155.36,245.82,118.67,169.5,196.01,70.48,334.66,157.04,288.16
4/3/2025,101.8,159.82,228.69,112.43,172.39,178.41,72.14,305.76,150.72,286.42
4/4/2025,94.31,153.24,210.28,104.34,163.75,171,66.91,288.08,145.6,279.72
4/7/2025,97.64,150.62,214.44,102.94,160.23,175.26,65.06,280.06,146.75,273.71
4/8/2025,96.3,150,216.87,100.77,158.39,170.66,64.11,273.94,144.7,275.2
4/9/2025,114.33,150.97,234.34,105.8,162.32,191.1,67.58,301.01,158.71,285.38
4/10/2025,107.57,148.69,227.11,99.93,163.56,181.22,66.72,289.16,152.82,292.35
4/11/2025,110.93,151.73,236.2,103.14,166.91,184.87,65.81,293.45,157.14,297.93
4/14/2025,110.71,154.36,234.72,103.39,169.13,182.12,67.69,298.12,159.07,296.23
4/15/2025,112.2,153.62,233.13,103.1,168.47,179.59,67.66,293.43,156.31,297.78
4/16/2025,104.49,153.91,229.61,104.19,166.39,174.33,65.64,290.14,153.33,307.47
4/17/2025,101.49,157.47,231.96,106.92,170.63,172.61,66.31,294.25,151.16,306.12
4/21/2025,96.91,156.92,228.99,105.35,165.75,167.32,64.68,284.74,147.67,315.59
4/22/2025,98.89,157.75,235.59,108.3,167.88,173.18,66.64,291.17,151.47,311.11
4/23/2025,102.71,155.38,240.88,107.37,165.73,180.6,67.27,295.77,155.35,303.65
4/24/2025,106.43,154.93,244.64,108.63,159.53,186.54,66.35,306.86,159.28,308.07
4/25/2025,111.01,154.58,243.55,108.57,161.02,188.99,66.09,306.45,161.96,304.73
4/28/2025,108.73,155.35,243.22,108.63,161.85,187.7,66.19,307.06,160.61,309.07
4/29/2025,109.02,155.91,244.62,108.36,162.26,187.39,67.25,307.4,160.16,306.06
4/30/2025,108.92,156.31,244.62,105.63,162.57,184.42,66.88,309.27,158.8,303.77
5/1/2025,111.61,154.46,246.89,105.78,159.98,190.2,66.05,313.96,161.3,297.46
5/2/2025,114.5,156.12,252.51,106.21,160.52,189.98,67.09,323.68,164.03,297.98
5/5/2025,113.82,155,252.56,103.27,158.83,186.35,66.1,323.11,164.21,306.88
5/6/2025,113.54,154.47,249.25,104.71,159.25,185.01,66.54,320.89,163.23,315.48
5/7/2025,117.06,157.3,249.39,104.61,159.29,188.71,67.36,320.29,151.38,310.75
5/8/2025,117.37,155.66,253.47,106.07,158.65,192.08,68.32,324.25,154.28,304.63
5/9/2025,116.65,154.22,253.08,107.31,157.66,193.06,70.31,325.62,152.75,306.84
5/12/2025,123,154.14,260.05,109.16,160.9,208.64,69.69,342.55,158.46,298.19
5/13/2025,129.93,148.44,263.01,109.46,158.73,211.37,72.11,352.54,159.53,299.46
5/14/2025,135.34,146.36,265.64,108.48,158.02,210.25,72.19,349.66,165.37,293.16
5/15/2025,134.83,149.61,267.49,108.58,162.41,205.17,74.55,349.81,163.96,297.84
5/16/2025,135.4,151.33,267.56,108.19,163.28,205.59,75,353.58,166.19,294.24
5/19/2025,135.57,152.49,264.88,106.47,164.77,206.16,73.86,352.57,166.54,298.03
5/20/2025,134.38,153.66,265.68,104.95,165.64,204.07,74.41,349.49,163.98,303.58
5/21/2025,131.8,153.18,261.04,103.66,165.43,201.12,71.54,342.51,168.56,305.82
5/22/2025,131.8,153.18,261.04,103.66,165.43,201.12,71.54,342.51,170.87,303.11
5/23/2025,131.29,152.94,260.71,103.03,165.86,200.99,67.76,343.39,168.47,309.75
5/27/2025,135.5,153.25,265.29,103.52,167.76,206.02,68.04,351.51,172.9,304.5
5/28/2025,134.81,152.43,263.49,102.11,167.36,204.72,67.21,349.49,172.36,303.81
5/29/2025,139.19,153.58,264.37,102.69,168.56,205.7,68.99,351.79,171.86,305.61
5/30/2025,135.13,155.21,264,102.3,169.89,205.01,70.64,348.03,171.74,303.6
6/2/2025,137.38,155.4,264.66,103.05,167.78,206.65,70.15,344.67,169.03,311.67
6/3/2025,141.22,154.42,266.27,103.8,166.85,205.71,70.95,349.4,166.18,308.91
6/4/2025,141.92,153.22,264.22,102.3,165.95,207.23,69.88,349.33,168.05,310.9
6/5/2025,139.99,153.66,261.95,101.83,162.8,207.91,71.5,348.96,168.21,309.33
6/6/2025,141.72,155.03,265.73,104.27,164.02,213.57,72.16,353.35,173.68,305.18
6/9/2025,142.63,155.23,266.74,104.97,162.56,216.98,71.9,358.07,176.09,306.62
6/10/2025,143.96,156.45,268.6,107.22,162.84,217.61,72.81,358.57,178.6,306.71
6/11/2025,142.83,155.26,268.15,109.31,162.11,213.2,73,363.14,177.35,308.37
6/12/2025,145,156.66,268.24,109.73,163.18,213.24,73.84,360.96,175.7,312.2
6/13/2025,141.97,157.1,264.95,112.12,160.28,212.1,74.78,357.05,174.67,316.29
6/16/2025,144.69,155.22,270.36,112.48,160.88,216.1,73.78,362.44,176.77,311.78
6/17/2025,144.12,152.38,269.52,114,158.52,214.82,71.86,357.68,175.95,311.94
6/18/2025,145.48,150.73,273.96,113.19,158.02,212.52,71.57,359.8,173.32,310.26
6/20/2025,143.85,149.79,275,114.7,159.08,209.69,71.53,360.52,166.64,310.13
6/23/2025,144.17,151.32,278.27,111.74,161.03,208.47,70.73,366.23,165.19,311.08
6/24/2025,147.9,152.19,281.26,108.34,160.36,212.77,71.4,373.02,166.77,306.19
6/25/2025,154.31,152.28,284.06,108.37,158.97,211.99,70.34,371.58,170.68,307.12
6/26/2025,155.02,152.01,288.75,109.99,158.63,217.12,70.99,381.88,173.54,306.78
6/27/2025,157.75,152.41,287.11,109.38,159.86,223.3,70.89,384.71,178.53,301.22
6/30/2025,157.99,152.75,289.91,107.8,159.32,219.39,69.42,388.21,176.23,304.83
7/1/2025,153.3,155.92,290.41,109.24,161.22,220.46,73.06,390.92,175.84,307.55
7/2/2025,157.25,155.56,292,111.05,161.2,219.92,73.02,398.43,178.64,309.25
7/3/2025,159.34,#N/A,#N/A,#N/A,#N/A,223.41,#N/A,#N/A,179.53,#N/A
7/7/2025,158.24,155.27,291.97,111.11,160.5,223.47,74.75,391.51,176.79,307.37
7/8/2025,160,155.79,282.78,114.19,157.89,219.36,72.46,394.29,174.36,304.16
7/9/2025,162.88,156.28,283.16,113.8,157.52,222.54,73.65,402.18,176.62,305.52
7/10/2025,164.1,157.69,288.19,114.93,158.49,222.26,74.64,408.33,177.62,306.2
7/11/2025,164.92,156.9,286.86,115.43,157.05,225.02,74.4,405.92,180.19,309.14
7/14/2025,164.07,156.82,288.7,113.92,153.76,225.69,75.04,405.77,181.56,308.01
7/15/2025,170.7,155.17,286.55,112.91,152.68,226.35,74.7,404.64,182,306.73
7/16/2025,171.37,164.78,285.82,112.23,153.73,223.19,74.77,412.88,182.97,308.26
7/17/2025,173,162.98,289.9,111.66,155.62,223.88,75.18,418.07,183.58,307.59
7/18/2025,172.41,163.7,291.27,107.77,155.1,226.13,75.95,413.71,185.06,308.39
7/21/2025,171.38,164.36,290.97,108.05,155.03,229.3,76.17,410.07,190.1,313.13
7/22/2025,167.03,167.93,291.43,108.54,158.32,227.47,77.54,417.19,191.34,316.1
7/23/2025,170.78,169.1,296.76,109.93,158.28,228.29,72.82,427.59,190.23,312.18
7/24/2025,173.74,169.56,296.55,110.79,158.81,232.23,71.97,429.52,192.17,310.27
7/25/2025,173.5,168.3,298.62,110.4,158.3,231.44,71.85,433.75,193.18,307.4
7/28/2025,176.75,166.22,298.28,111.44,157.11,232.79,71.34,432.94,192.58,305.41
7/29/2025,175.51,168.11,297.04,112.88,156.61,231.01,71.95,430.05,195.75,306.25
7/30/2025,179.27,167.26,299.63,111.9,152.88,230.19,70.99,434.12,196.53,300.96
7/31/2025,177.87,164.74,296.24,111.64,150.47,234.11,71.06,438.02,191.9,302.96
8/1/2025,173.72,167.33,289.37,109.64,150.65,214.75,70.4,428.69,189.13,309.11
8/4/2025,180,171.04,294.26,107.37,150.76,211.65,70.53,433.7,195.04,310.91
8/5/2025,178.26,170.74,291.37,107.24,150.51,213.75,71.18,434.23,194.67,311.16
8/6/2025,179.42,170.59,291.35,106.51,152.86,222.31,70.54,427.72,196.09,310.5
8/7/2025,180.77,171.53,286.94,105.95,153.49,223.13,72.58,417.12,196.52,313.12
8/8/2025,182.7,173.33,288.76,106.8,153.51,222.69,72.41,416.52,201.42,313.05
8/11/2025,182.06,173.82,289.56,105.83,154.98,221.3,72.45,408.54,201,308.55
8/12/2025,183.16,172.78,292.85,106.13,155.09,221.47,71.86,412.71,203.34,308.27
8/13/2025,181.59,174.42,290.53,107.6,155.41,224.56,72.3,413.7,201.96,309.21
8/14/2025,182.02,174.72,294.16,107.38,153.74,230.98,72.24,417.5,202.94,307.25
8/15/2025,180.45,176.64,290.49,106.49,154.36,231.03,75.41,407.79,203.9,307.43
8/18/2025,182.01,176.25,291.53,106.72,155.72,231.49,75.72,412.64,203.5,306.95
8/19/2025,175.64,177.8,290.66,107.42,158.4,228.01,76.51,416.09,201.57,305.27
8/20/2025,175.4,178.84,292.24,108.53,159.51,223.81,76.18,420.59,199.32,308.36
8/21/2025,174.98,178.93,291.47,109.23,158.73,221.95,76.08,417.89,199.75,307.29
8/22/2025,177.99,179.29,296.24,111.28,158.67,228.84,76.32,435.67,206.09,310.58
8/25/2025,179.81,178.41,#N/A,111.74,156.15,227.94,75.32,432.3,208.49,#N/A
8/26/2025,181.77,176.49,#N/A,111.49,155.97,228.71,74.84,431.26,207.14,#N/A
8/27/2025,181.6,176.79,#N/A,112.75,156.96,229.12,73.89,432.67,207.48,#N/A
8/28/2025,180.17,175.45,301.07,113.35,155.65,231.6,72.09,434.91,211.64,315.03
8/29/2025,174.18,177.17,301.42,114.29,157.04,229,72.05,419.04,212.91,318.07
9/2/2025,170.78,178.06,299.7,114.69,157.99,225.34,72.65,416.05,211.35,325.59
9/3/2025,170.62,178,299.51,111.91,158.17,225.99,71.63,415.12,230.66,328.14
9/4/2025,171.66,178.76,303.82,112.4,159.19,235.68,70.87,420.22,232.3,326.69
9/5/2025,167.02,178.43,294.38,109.23,160.02,232.33,70.9,423.08,235,331.05
9/8/2025,168.31,178.13,292.91,109.85,159.01,235.84,69.77,422.78,234.04,334.82
9/9/2025,170.76,176.96,297.85,110.65,159.46,238.24,70.07,418.09,239.63,334.06
9/10/2025,177.33,175.79,300.54,112.5,157.35,230.33,71.04,422.91,239.17,335.26
9/11/2025,177.17,178.5,305.56,112.14,158.63,229.95,71.32,431.38,240.37,334.76
9/12/2025,177.82,178.06,306.91,112.16,157.9,228.15,71.64,431.52,240.8,335.42
9/15/2025,177.75,177.4,308.9,112.35,156.83,231.43,71.5,435.94,251.61,338.91
9/16/2025,174.88,176.46,309.19,114.68,158.05,234.05,69.83,440.67,251.16,339.59
9/17/2025,170.29,177.2,311.75,115.29,160.33,231.62,70.31,450.66,249.53,336.97
9/18/2025,176.24,174.16,313.23,113.93,157.32,231.23,70.79,466.96,252.03,335.62
9/19/2025,176.67,176.19,314.78,112.82,156.04,231.48,71.08,466.54,254.72,339.18
9/22/2025,183.61,174.21,312.44,112.02,153.07,227.63,72.35,472.1,252.53,345.05
9/23/2025,178.43,176.58,312.74,113.95,152.5,220.71,72.32,471.26,251.66,346.46
9/24/2025,176.97,176.69,313.42,113.95,152.42,220.71,73.83,471.26,247.14,343.32
9/25/2025,177.69,177.73,313.45,#N/A,152.15,#N/A,74.65,#N/A,245.79,344.75
9/26/2025,178.19,179.71,316.06,117.22,152.5,219.78,75.85,465.76,246.54,346.74
9/29/2025,181.85,181.62,315.69,114.22,153.53,222.17,76.21,471.61,244.05,352.46
9/30/2025,186.58,185.42,315.43,112.75,153.65,219.57,75.49,477.15,243.1,355.47
10/1/2025,187.24,186.05,310.71,111.99,153.18,220.63,78.67,480.82,244.9,356.03
10/2/2025,188.89,185.98,307.55,111.29,152.05,222.41,78.18,490.57,245.69,354.79
10/3/2025,187.62,188.64,310.03,113.26,152.27,219.51,80.06,497.85,245.35,357.64
10/6/2025,185.54,188.16,309.18,114.2,150.41,220.9,82.11,495.38,250.43,364.38
10/7/2025,185.04,188.89,307.69,114.26,152.54,221.78,83.21,486.71,245.76,366.26
10/8/2025,189.11,189.69,304.03,114.02,150.69,225.22,84.04,502.12,244.62,372.3
10/9/2025,192.57,191.08,305.53,112.91,150.58,227.74,83.71,500.36,241.53,365.43
10/10/2025,183.16,190.72,300.89,110.73,149.69,216.37,83.35,491.3,236.57,369.12
10/13/2025,188.32,190.9,307.97,112.24,147.49,220.07,84.3,504.76,244.15,378.09
10/14/2025,180.03,190.85,302.08,112.29,149.16,216.39,84.64,527.47,245.45,380.79
10/15/2025,179.83,191.17,305.69,111.61,147.42,215.57,85.79,534.05,251.03,387.39
10/16/2025,181.81,192.12,298.54,110.64,149.6,214.47,85.05,540.96,251.46,396.45
10/17/2025,183.22,193.22,297.56,112.24,151.4,213.04,84.53,527.08,253.3,388.99
10/20/2025,182.64,193.72,302.36,112.7,151.96,216.48,84.77,531.18,256.55,403.15
10/21/2025,181.16,191.88,297.09,112.71,151.62,222.03,83.99,524.65,250.46,377.24
10/22/2025,180.28,192.94,294.11,114.71,152.2,217.95,82.84,513.91,251.69,377.28
10/23/2025,182.16,192.47,294.54,115.98,152.21,221.09,83.25,520.5,253.08,378.79
10/24/2025,186.26,190.4,300.44,115.39,152.49,224.21,84.41,522.73,259.92,377.52
10/27/2025,191.49,190.3,304.15,115.94,151.74,226.97,86.03,527.07,269.27,367.01
10/28/2025,201.03,186.93,305.36,115.03,151.37,229.25,83.57,524.47,267.47,364.38
10/29/2025,207.04,186.6,305.51,116.45,148.77,230.3,81.76,585.49,274.57,363
10/30/2025,202.89,189.05,309.44,114.69,149.58,222.86,81.64,583.15,281.48,370.13
10/31/2025,202.49,188.87,311.12,114.36,150.37,244.22,81.4,577.26,281.19,368.12
11/3/2025,206.88,186.26,309.35,113.76,148.02,254,81.78,570.59,283.72,368.78
11/4/2025,198.69,186.86,309.25,114.14,147.17,249.32,81.69,547.58,277.54,362.32
11/5/2025,195.21,186,311.68,113.68,145.79,250.2,82.14,569.15,284.31,366.51
11/6/2025,188.08,186.97,313.42,114.5,146.13,243.04,82,569.78,284.75,366.07
11/7/2025,188.15,186.57,314.21,117.22,146.98,244.41,83.93,563.1,278.83,368.31
11/10/2025,199.05,188.41,316.89,118.22,145.5,248.4,84.77,570.85,290.1,378.38
11/11/2025,193.16,193.83,315.62,119.78,148.54,249.1,85.76,567.93,291.31,379.87
11/12/2025,193.8,194.39,320.41,118.12,148.01,244.2,85.89,573.02,286.71,385.99
11/13/2025,186.86,195.25,309.48,118.79,147.96,237.58,83.99,553.55,278.57,382.87
11/14/2025,190.17,195.93,303.61,119.29,147.67,234.69,83.88,554.03,276.41,375.96
11/17/2025,186.6,199.58,300.37,117.68,145.82,232.87,85.75,552.05,285.02,371.65
11/18/2025,181.36,200,299.41,119.03,146.99,222.55,84.64,546.88,284.28,374.35
11/19/2025,186.52,202.51,303.27,117.35,146.99,222.69,84.27,553.11,292.81,374.96
11/20/2025,180.64,203.07,298.38,117.02,148.19,217.14,84.3,546.13,289.45,374.85
11/21/2025,178.88,203.9,298.02,117.08,150.92,220.69,83.48,550.43,299.66,374.27
11/24/2025,182.55,206.05,298,115.97,146.98,226.28,84.23,559.6,318.58,380.2
11/25/2025,177.82,206.67,303,114.51,148.49,229.67,84.83,566.61,323.44,380.08
11/26/2025,180.26,207.56,307.64,114.77,148.25,229.16,85.54,573.73,319.95,383.12
11/28/2025,177,#N/A,#N/A,#N/A,#N/A,233.22,#N/A,#N/A,320.18,#N/A
12/1/2025,179.92,205.34,308.92,116.63,147.44,233.88,84.65,568.06,314.89,389.75
12/2/2025,181.46,205.42,307.88,115.38,145.86,234.42,84.58,582.47,315.81,387.24
12/3/2025,179.59,205.33,312.13,117.8,146.71,232.38,84.95,591.49,319.63,386.88
12/4/2025,183.38,202.48,316.1,117.14,145.36,229.11,83.39,599.15,317.62,387.13